q-00-exact	item-00-0	2
q-00-exact	item-00-1	2
q-00-exact	item-00-2	2
q-00-typo	item-00-0	2
q-00-typo	item-00-1	2
q-00-typo	item-00-2	2
q-00-semantic	item-00-0	2
q-00-semantic	item-00-1	2
q-00-semantic	item-00-2	2
q-01-exact	item-01-0	2
q-01-exact	item-01-1	2
q-01-exact	item-01-2	2
q-01-typo	item-01-0	2
q-01-typo	item-01-1	2
q-01-typo	item-01-2	2
q-01-semantic	item-01-0	2
q-01-semantic	item-01-1	2
q-01-semantic	item-01-2	2
q-02-exact	item-02-0	2
q-02-exact	item-02-1	2
q-02-exact	item-02-2	2
q-02-typo	item-02-0	2
q-02-typo	item-02-1	2
q-02-typo	item-02-2	2
q-02-semantic	item-02-0	2
q-02-semantic	item-02-1	2
q-02-semantic	item-02-2	2
q-03-exact	item-03-0	2
q-03-exact	item-03-1	2
q-03-exact	item-03-2	2
q-03-typo	item-03-0	2
q-03-typo	item-03-1	2
q-03-typo	item-03-2	2
q-03-semantic	item-03-0	2
q-03-semantic	item-03-1	2
q-03-semantic	item-03-2	2
q-04-exact	item-04-0	2
q-04-exact	item-04-1	2
q-04-exact	item-04-2	2
q-04-typo	item-04-0	2
q-04-typo	item-04-1	2
q-04-typo	item-04-2	2
q-04-semantic	item-04-0	2
q-04-semantic	item-04-1	2
q-04-semantic	item-04-2	2
q-05-exact	item-05-0	2
q-05-exact	item-05-1	2
q-05-exact	item-05-2	2
q-05-typo	item-05-0	2
q-05-typo	item-05-1	2
q-05-typo	item-05-2	2
q-05-semantic	item-05-0	2
q-05-semantic	item-05-1	2
q-05-semantic	item-05-2	2
q-06-exact	item-06-0	2
q-06-exact	item-06-1	2
q-06-exact	item-06-2	2
q-06-typo	item-06-0	2
q-06-typo	item-06-1	2
q-06-typo	item-06-2	2
q-06-semantic	item-06-0	2
q-06-semantic	item-06-1	2
q-06-semantic	item-06-2	2
q-07-exact	item-07-0	2
q-07-exact	item-07-1	2
q-07-exact	item-07-2	2
q-07-typo	item-07-0	2
q-07-typo	item-07-1	2
q-07-typo	item-07-2	2
q-07-semantic	item-07-0	2
q-07-semantic	item-07-1	2
q-07-semantic	item-07-2	2
q-08-exact	item-08-0	2
q-08-exact	item-08-1	2
q-08-exact	item-08-2	2
q-08-typo	item-08-0	2
q-08-typo	item-08-1	2
q-08-typo	item-08-2	2
q-08-semantic	item-08-0	2
q-08-semantic	item-08-1	2
q-08-semantic	item-08-2	2
q-09-exact	item-09-0	2
q-09-exact	item-09-1	2
q-09-exact	item-09-2	2
q-09-typo	item-09-0	2
q-09-typo	item-09-1	2
q-09-typo	item-09-2	2
q-09-semantic	item-09-0	2
q-09-semantic	item-09-1	2
q-09-semantic	item-09-2	2
q-10-exact	item-10-0	2
q-10-exact	item-10-1	2
q-10-exact	item-10-2	2
q-10-typo	item-10-0	2
q-10-typo	item-10-1	2
q-10-typo	item-10-2	2
q-10-semantic	item-10-0	2
q-10-semantic	item-10-1	2
q-10-semantic	item-10-2	2
q-11-exact	item-11-0	2
q-11-exact	item-11-1	2
q-11-exact	item-11-2	2
q-11-typo	item-11-0	2
q-11-typo	item-11-1	2
q-11-typo	item-11-2	2
q-11-semantic	item-11-0	2
q-11-semantic	item-11-1	2
q-11-semantic	item-11-2	2
q-12-exact	item-12-0	2
q-12-exact	item-12-1	2
q-12-exact	item-12-2	2
q-12-typo	item-12-0	2
q-12-typo	item-12-1	2
q-12-typo	item-12-2	2
q-12-semantic	item-12-0	2
q-12-semantic	item-12-1	2
q-12-semantic	item-12-2	2
q-13-exact	item-13-0	2
q-13-exact	item-13-1	2
q-13-exact	item-13-2	2
q-13-typo	item-13-0	2
q-13-typo	item-13-1	2
q-13-typo	item-13-2	2
q-13-semantic	item-13-0	2
q-13-semantic	item-13-1	2
q-13-semantic	item-13-2	2
q-14-exact	item-14-0	2
q-14-exact	item-14-1	2
q-14-exact	item-14-2	2
q-14-typo	item-14-0	2
q-14-typo	item-14-1	2
q-14-typo	item-14-2	2
q-14-semantic	item-14-0	2
q-14-semantic	item-14-1	2
q-14-semantic	item-14-2	2
q-15-exact	item-15-0	2
q-15-exact	item-15-1	2
q-15-exact	item-15-2	2
q-15-typo	item-15-0	2
q-15-typo	item-15-1	2
q-15-typo	item-15-2	2
q-15-semantic	item-15-0	2
q-15-semantic	item-15-1	2
q-15-semantic	item-15-2	2
q-16-exact	item-16-0	2
q-16-exact	item-16-1	2
q-16-exact	item-16-2	2
q-16-typo	item-16-0	2
q-16-typo	item-16-1	2
q-16-typo	item-16-2	2
q-16-semantic	item-16-0	2
q-16-semantic	item-16-1	2
q-16-semantic	item-16-2	2
q-17-exact	item-17-0	2
q-17-exact	item-17-1	2
q-17-exact	item-17-2	2
q-17-typo	item-17-0	2
q-17-typo	item-17-1	2
q-17-typo	item-17-2	2
q-17-semantic	item-17-0	2
q-17-semantic	item-17-1	2
q-17-semantic	item-17-2	2
q-18-exact	item-18-0	2
q-18-exact	item-18-1	2
q-18-exact	item-18-2	2
q-18-typo	item-18-0	2
q-18-typo	item-18-1	2
q-18-typo	item-18-2	2
q-18-semantic	item-18-0	2
q-18-semantic	item-18-1	2
q-18-semantic	item-18-2	2
q-19-exact	item-19-0	2
q-19-exact	item-19-1	2
q-19-exact	item-19-2	2
q-19-typo	item-19-0	2
q-19-typo	item-19-1	2
q-19-typo	item-19-2	2
q-19-semantic	item-19-0	2
q-19-semantic	item-19-1	2
q-19-semantic	item-19-2	2
q-20-exact	item-20-0	2
q-20-exact	item-20-1	2
q-20-exact	item-20-2	2
q-20-typo	item-20-0	2
q-20-typo	item-20-1	2
q-20-typo	item-20-2	2
q-20-semantic	item-20-0	2
q-20-semantic	item-20-1	2
q-20-semantic	item-20-2	2
q-21-exact	item-21-0	2
q-21-exact	item-21-1	2
q-21-exact	item-21-2	2
q-21-typo	item-21-0	2
q-21-typo	item-21-1	2
q-21-typo	item-21-2	2
q-21-semantic	item-21-0	2
q-21-semantic	item-21-1	2
q-21-semantic	item-21-2	2
q-22-exact	item-22-0	2
q-22-exact	item-22-1	2
q-22-exact	item-22-2	2
q-22-typo	item-22-0	2
q-22-typo	item-22-1	2
q-22-typo	item-22-2	2
q-22-semantic	item-22-0	2
q-22-semantic	item-22-1	2
q-22-semantic	item-22-2	2
q-23-exact	item-23-0	2
q-23-exact	item-23-1	2
q-23-exact	item-23-2	2
q-23-typo	item-23-0	2
q-23-typo	item-23-1	2
q-23-typo	item-23-2	2
q-23-semantic	item-23-0	2
q-23-semantic	item-23-1	2
q-23-semantic	item-23-2	2
q-24-exact	item-24-0	2
q-24-exact	item-24-1	2
q-24-exact	item-24-2	2
q-24-typo	item-24-0	2
q-24-typo	item-24-1	2
q-24-typo	item-24-2	2
q-24-semantic	item-24-0	2
q-24-semantic	item-24-1	2
q-24-semantic	item-24-2	2
q-25-exact	item-25-0	2
q-25-exact	item-25-1	2
q-25-exact	item-25-2	2
q-25-typo	item-25-0	2
q-25-typo	item-25-1	2
q-25-typo	item-25-2	2
q-25-semantic	item-25-0	2
q-25-semantic	item-25-1	2
q-25-semantic	item-25-2	2
q-26-exact	item-26-0	2
q-26-exact	item-26-1	2
q-26-exact	item-26-2	2
q-26-typo	item-26-0	2
q-26-typo	item-26-1	2
q-26-typo	item-26-2	2
q-26-semantic	item-26-0	2
q-26-semantic	item-26-1	2
q-26-semantic	item-26-2	2
q-27-exact	item-27-0	2
q-27-exact	item-27-1	2
q-27-exact	item-27-2	2
q-27-typo	item-27-0	2
q-27-typo	item-27-1	2
q-27-typo	item-27-2	2
q-27-semantic	item-27-0	2
q-27-semantic	item-27-1	2
q-27-semantic	item-27-2	2
q-28-exact	item-28-0	2
q-28-exact	item-28-1	2
q-28-exact	item-28-2	2
q-28-typo	item-28-0	2
q-28-typo	item-28-1	2
q-28-typo	item-28-2	2
q-28-semantic	item-28-0	2
q-28-semantic	item-28-1	2
q-28-semantic	item-28-2	2
q-29-exact	item-29-0	2
q-29-exact	item-29-1	2
q-29-exact	item-29-2	2
q-29-typo	item-29-0	2
q-29-typo	item-29-1	2
q-29-typo	item-29-2	2
q-29-semantic	item-29-0	2
q-29-semantic	item-29-1	2
q-29-semantic	item-29-2	2
